psnr_rain,psnr,ssim_rain,ssim,test_image,epoch,train_name,file_id,imshow,synthetic,save_image,save_result,num_of_layers,features,rain_type
25.31013951789676,31.9073451609262,0.8223717473284258,0.948532898850304,0,200,resnet3,3,0,1,1,1,20,64,1
19.5051427964002,23.0549812866644,0.671021215523172,0.8035043395919933,1,200,resnet3,3,0,1,1,1,20,64,1
19.45668738791334,22.820152974095134,0.7808577988101427,0.8528363734322849,2,200,resnet3,3,0,1,1,1,20,64,1
26.497308365928625,30.952812336555553,0.870668897255702,0.9337250255768307,3,200,resnet3,3,0,1,1,1,20,64,1
