psnr_rain,psnr,ssim_rain,ssim,test_image,epoch,train_name,file_id,imshow,synthetic,save_image,save_result,input_channels,deepsupervision,residual,num_of_layers,features,rain_type
25.31013951789676,31.769520253423696,0.8223717473284258,0.9424665354268348,0,40,unetgan1,3,0,1,1,1,3,1,1,17,64,1
19.5051427964002,22.6035529697192,0.671021215523172,0.7862188536056666,1,40,unetgan1,3,0,1,1,1,3,1,1,17,64,1
19.45668738791334,24.15478640020428,0.7808577988101427,0.8658066222916053,2,40,unetgan1,3,0,1,1,1,3,1,1,17,64,1
26.497308365928625,31.66625740608022,0.870668897255702,0.9398653983440255,3,40,unetgan1,3,0,1,1,1,3,1,1,17,64,1
25.31013951789676,27.289345334843752,0.8223717473284258,0.8579801588812744,0,100,unetgan1,3,0,1,1,1,3,1,1,17,64,1
19.5051427964002,20.13303263260475,0.671021215523172,0.6774649299800489,1,100,unetgan1,3,0,1,1,1,3,1,1,17,64,1
19.45668738791334,21.06510750600648,0.7808577988101427,0.8040136733753869,2,100,unetgan1,3,0,1,1,1,3,1,1,17,64,1
26.497308365928625,28.712461442289403,0.870668897255702,0.8920302399117855,3,100,unetgan1,3,0,1,1,1,3,1,1,17,64,1
