psnr_rain,psnr,ssim_rain,ssim,test_image,epoch,train_name,file_id,imshow,synthetic,save_image,save_result,num_of_layers,features,rain_type
25.31013951789676,30.958854890300934,0.8223717473284258,0.9315262947345909,0,200,resgan5,3,0,1,1,1,20,64,1
19.5051427964002,23.46764907582783,0.671021215523172,0.786111676171762,1,200,resgan5,3,0,1,1,1,20,64,1
19.45668738791334,22.849401337505135,0.7808577988101427,0.8346213846204379,2,200,resgan5,3,0,1,1,1,20,64,1
26.497308365928625,30.714528033642928,0.870668897255702,0.9255226666052203,3,200,resgan5,3,0,1,1,1,20,64,1
