psnr_rain,psnr,ssim_rain,ssim,test_image,epoch,train_name,file_id,imshow,synthetic,save_image,save_result,num_of_layers,features,rain_type
25.31013951789676,32.36179137120245,0.8223717473284258,0.9512893355012447,0,200,resgan6,3,0,1,1,1,20,64,1
19.5051427964002,24.277243060747885,0.671021215523172,0.8471462182382039,1,200,resgan6,3,0,1,1,1,20,64,1
19.45668738791334,23.284188755104537,0.7808577988101427,0.8656551303029852,2,200,resgan6,3,0,1,1,1,20,64,1
26.497308365928625,30.965982925005726,0.870668897255702,0.9360105134713764,3,200,resgan6,3,0,1,1,1,20,64,1
