psnr_rain,psnr,ssim_rain,ssim,test_image,epoch,train_name,file_id,imshow,synthetic,save_image,save_result,num_of_layers,features,rain_type
25.31013951789676,31.085999910190793,0.8223717473284258,0.9387150597335765,0,200,resgan4,3,0,1,1,1,20,64,1
19.5051427964002,24.193686589894526,0.671021215523172,0.835111074413566,1,200,resgan4,3,0,1,1,1,20,64,1
19.45668738791334,23.734883887532703,0.7808577988101427,0.8663983245290597,2,200,resgan4,3,0,1,1,1,20,64,1
26.497308365928625,29.92317067408321,0.870668897255702,0.9252636361150216,3,200,resgan4,3,0,1,1,1,20,64,1
