psnr_rain,psnr,ssim_rain,ssim,test_image,epoch,train_name,file_id,imshow,synthetic,save_image,save_result,num_of_layers,features,rain_type
25.31013951789676,31.599935810987432,0.8223717473284258,0.9414572930346737,0,200,resgan3,3,0,1,1,1,20,64,1
19.5051427964002,24.791498083456812,0.671021215523172,0.8610353635202778,1,200,resgan3,3,0,1,1,1,20,64,1
19.45668738791334,22.97533883318045,0.7808577988101427,0.8511156469472616,2,200,resgan3,3,0,1,1,1,20,64,1
26.497308365928625,30.908118297693402,0.870668897255702,0.9347609026122298,3,200,resgan3,3,0,1,1,1,20,64,1
