psnr_rain,psnr,ssim_rain,ssim,test_image,epoch,train_name,file_id,imshow,synthetic,save_image,save_result,num_of_layers,features,rain_type
25.31013951789676,31.586694888014748,0.8223717473284258,0.9436799580175008,0,200,resnet2,3,0,1,1,1,20,64,1
19.5051427964002,24.863603178291925,0.671021215523172,0.8603566202608608,1,200,resnet2,3,0,1,1,1,20,64,1
19.45668738791334,23.83178528044583,0.7808577988101427,0.8670539784847936,2,200,resnet2,3,0,1,1,1,20,64,1
26.497308365928625,30.463885309030196,0.870668897255702,0.9321994426749814,3,200,resnet2,3,0,1,1,1,20,64,1
