psnr_rain,psnr,ssim_rain,ssim,test_image,epoch,train_name,file_id,imshow,synthetic,save_image,save_result,num_of_layers,features,rain_type
25.31013951789676,30.84595621689633,0.8223717473284258,0.939785193390774,0,20,resgan1,3,0,1,1,1,20,64,1
25.31013951789676,23.85991375162181,0.8223717473284258,0.9147921466263703,0,40,resgan1,3,0,1,1,1,20,64,1
25.31013951789676,30.982633985744577,0.8223717473284258,0.9384948692550096,0,30,resgan1,3,0,1,1,1,20,64,1
25.31013951789676,-39.81855416151586,0.8223717473284258,4.939613937276311e-05,0,30,resgan1,3,0,1,1,1,20,64,1
