psnr_rain,psnr,ssim_rain,ssim,test_image,epoch,train_name,file_id,imshow,synthetic,save_image,save_result,input_channels,deepsupervision,residual,num_of_layers,features,rain_type
25.31013951789676,32.06116813088422,0.8223717473284258,0.9451319086111529,0,40,nestgan1,3,0,1,1,1,3,1,1,17,64,1
19.5051427964002,22.79567987411284,0.671021215523172,0.78905767676491,1,40,nestgan1,3,0,1,1,1,3,1,1,17,64,1
19.45668738791334,22.659410749510055,0.7808577988101427,0.8280695176355257,2,40,nestgan1,3,0,1,1,1,3,1,1,17,64,1
26.497308365928625,30.49511444242995,0.870668897255702,0.9217320810042912,3,40,nestgan1,3,0,1,1,1,3,1,1,17,64,1
