psnr_rain,psnr,ssim_rain,ssim,test_image,epoch,train_name,file_id,imshow,synthetic,save_image,save_result,num_of_layers,features,rain_type
25.31013951789676,32.51634139318596,0.8223717473284258,0.9538275979336325,0,200,resgan2,3,0,1,1,1,20,64,1
19.5051427964002,24.230041940763147,0.671021215523172,0.8461369096963621,1,200,resgan2,3,0,1,1,1,20,64,1
19.45668738791334,22.70019392936547,0.7808577988101427,0.852201416331298,2,200,resgan2,3,0,1,1,1,20,64,1
26.497308365928625,30.624440194812664,0.870668897255702,0.9297620273311193,3,200,resgan2,3,0,1,1,1,20,64,1
